{"cameraMode":{"drawMode":0,"name":"Shaded","section":"Shading Mode"},"sceneLighting":true,"audioPlay":false,"sceneViewState":{"showFog":true,"showMaterialUpdate":false,"showSkybox":true,"showFlares":true,"showImageEffects":true,"showParticleSystems":true},"in2DMode":false,"pivot":{"x":-3.0170300006866457,"y":1.2495149374008179,"z":-0.90889972448349},"rotation":{"x":-0.03307674080133438,"y":-0.6227046847343445,"z":0.026362264528870584,"w":-0.7813219428062439},"size":24.52085304260254,"orthographic":false}